repo_name,file,commit,is_corrective,is_refactor
24eme/giilde,project/plugins/acVinFacturePlugin/lib/model/views/FactureEtablissementView.class.php,4034088261c53708e24ee73869f5bf839d535a2a,true,false
3liz/lizmap-web-client,assets/package.json,097ba45919c2bc80999a556f2e94e595617dc0b8,true,false
3liz/lizmap-web-client,assets/src/components/Scaleline.js,097ba45919c2bc80999a556f2e94e595617dc0b8,true,false
3liz/lizmap-web-client,tests/qgis-projects/tests/external_wms_layer.qgs,0da91133393cb81bd0a9acf954c622b9a1e6eb4e,false,true
3liz/lizmap-web-client,tests/end2end/cypress/fixtures/images/print/print_changed_labels.png,2c0ccd2a8517fc410607688348c6970fca5cc433,true,false
3liz/lizmap-web-client,tests/end2end/cypress/fixtures/images/print/print_default_labels.png,2c0ccd2a8517fc410607688348c6970fca5cc433,true,false
3liz/lizmap-web-client,tests/end2end/cypress/fixtures/pdf/print/test_print_print_labels.pdf,2c0ccd2a8517fc410607688348c6970fca5cc433,true,false
3liz/lizmap-web-client,tests/end2end/cypress/integration/print_spec.js,2c0ccd2a8517fc410607688348c6970fca5cc433,true,false
3liz/lizmap-web-client,tests/qgis-projects/tests/test_print.qgs,2c0ccd2a8517fc410607688348c6970fca5cc433,true,false
3liz/lizmap-web-client,tests/qgis-projects/tests/test_print.qgs.cfg,2c0ccd2a8517fc410607688348c6970fca5cc433,true,false
3liz/lizmap-web-client,tests/end2end/cypress/integration/selectionTool_spec.js,8b582812f01ffea27c85541b37d703201ebff2a7,true,false
3liz/lizmap-web-client,assets/src/modules/interaction/Draw.js,c4a480055bc0b241ecc81ba7e5f704c317f68473,true,false
AzuraCast/AzuraCast,src/Entity/Repository/RolePermissionRepository.php,3c8e7c4cc10cdf251433e29370b0f84878ae9e35,true,false
AzuraCast/AzuraCast,src/Entity/StationBackendConfiguration.php,8820c18a9bd5f2e2fe83699ec1e5b314af1eecc8,true,false
Behat/Behat,.scrutinizer.yml,bc2220f794ac944e85fbab69dbc10304c2209fa3,true,false
Behat/Behat,src/Behat/Behat/Definition/Translator/TranslatorInterface.php,bc2220f794ac944e85fbab69dbc10304c2209fa3,true,false
CORE-POS/IS4C,fannie/admin/labels/pdf_layouts/Deli_Big_Special_Signs_1UP.php,17efdc619f9fd993caac28bb41642dba1ec28c9f,true,false
CORE-POS/IS4C,fannie/modules/plugins2.0/Mercato/MercatoTask.php,1c7c43fa3e8982597734b4d36c53e4ac1f7b0d70,true,false
CORE-POS/IS4C,fannie/item/origins/OriginEditor.php,5790a5ef87360814da089b47cb142b0efa003402,true,false
CORE-POS/IS4C,fannie/reports/from-search/PreviousPromos/PreviousPromosReport.php,8fffe0b24c1d92c98863195928865e6e47a988d5,true,false
Cacti/cacti,cli/change_device.php,54c7365c6a86c44efbc76b6bcd6817dbdf088f70,true,false
Cacti/plugin_thold,includes/database.php,4e2106d6ae9b14c2368e9d52b2d7937adffb6851,true,false
Cacti/plugin_thold,thold_functions.php,64de46d42df10a1c9e46c3aabab09456dfa1aa88,true,false
Cacti/plugin_thold,includes/polling.php,9c91efaea037af21f37d2300ebc25617148ce72e,true,false
Chi-teck/drupal-code-generator,templates/phpstorm-metadata/phpstorm.meta.php.twig,4498516726eb2e2a57c0a8a93c8bc1f34765b703,true,false
Chi-teck/drupal-code-generator,tests/dcg/Generator/_phpstorm_meta.php,4498516726eb2e2a57c0a8a93c8bc1f34765b703,true,false
Chi-teck/drupal-code-generator,templates/plugin/ckeditor/ckeditor.twig,809c68ba92aa84708c90522caf802a1f311bfce7,true,false
Chi-teck/drupal-code-generator,tests/dcg/Generator/Plugin/_ckeditor/_ckeditor.php,809c68ba92aa84708c90522caf802a1f311bfce7,true,false
Chi-teck/drupal-code-generator,tests/sut/qux/tests/src/Functional/RestResourceTest.php,809c68ba92aa84708c90522caf802a1f311bfce7,true,false
Connections-Business-Directory/Connections,includes/Utility/_deprecated.php,3a18ad0a2bebed7139a8c39babe7e6b867879059,false,true
FreshPorts/freshports,www/index.php,c6fcd8a25b26cdeba63e2d0af39d75c769b5bb7e,true,false
FriendsOfPHP/PHP-CS-Fixer,src/Fixer/Phpdoc/PhpdocLineSpanFixer.php,eb717fe86c222c7d1be2be900f059510d700dafb,true,false
FriendsOfPHP/PHP-CS-Fixer,tests/Fixer/Phpdoc/PhpdocLineSpanFixerTest.php,eb717fe86c222c7d1be2be900f059510d700dafb,true,false
Froxlor/Froxlor,lib/Froxlor/Cron/Http/LetsEncrypt/AcmeSh.php,a552ea878e415864b9450bd17b7c1f22b277ad6f,true,false
Froxlor/Froxlor,lib/Froxlor/Api/Commands/Domains.php,b961eba3828b33a03ab770943527f30ed05982f8,true,false
GoogleCloudPlatform/php-docs-samples,speech/src/transcribe_async_words.php,65b1da5a00cdf64ea3cca8c1291632a916f17e2a,true,true
GoogleCloudPlatform/php-docs-samples,testing/run_test_suite.sh,65b1da5a00cdf64ea3cca8c1291632a916f17e2a,true,true
Hydreon/Steadfast2,src/raklib/server/RakLibServer.php,107303eb3b62189a07d9bc6e0a275a7a53b58c47,true,false
Hydreon/Steadfast2,src/pocketmine/item/Item.php,b2c44bb260f30e20113fb943a9d3a1e610c359c1,true,false
Icinga/icingaweb2-module-director,library/Director/Resolver/HostServiceBlacklist.php,ce3ec67eb6c6123b291b62d213943d408adcbc76,true,false
InfotelGLPI/accounts,inc/config.class.php,d5100ae8f012ac41db82d1a785686400226facca,true,false
InfotelGLPI/resources,inc/resource.class.php,101310208cf64006321f08218898790d7063267a,true,false
Intervention/validation,.github/workflows/build.yml,d148b537a0ce8fa36fe76007aea9b1e5bf8ad406,true,false
Intervention/validation,tests/phpstan/bootstrap.php,d148b537a0ce8fa36fe76007aea9b1e5bf8ad406,true,false
Jerry-Shaw/NervSys,Algo/Vsm.php,9ec6f597f11c355ec7861c47c9983490e9f3792f,true,false
Jerry-Shaw/NervSys,Algo/NGram.php,fe680fc4fab4da1e00c8837890bb77bed1d390c4,true,false
Kunstmaan/KunstmaanNodeBundle,Event/SlugSecurityEvent.php,9500d161cd48216591a9d69246877448d343c817,true,false
MaharaProject/mahara,htdocs/lib/adodb/drivers/adodb-postgres64.inc.php,ea0d0f69a8d2761141b2ff503b3267858698ce17,true,false
MailCleaner/MailCleaner,lib/MCDnsLists.pm,1c23e03ae4ab105bd17f737e7cdca726077226e5,true,false
MailCleaner/MailCleaner,lib/GetDNS.pm,2bc5a5e8f2f92d3817096c24db794161d2193a1f,false,true
Mangopay/mangopay2-php-sdk,MangoPay/PayInPaymentDetailsDirectDebit.php,516b06962bad3fa745de4837967c9f76a8d55820,true,false
NeoRazorX/facturascripts,Core/Model/Base/ModelTrait.php,72b9eb8690925e1b2655305741ef314012a3a889,false,true
NeoRazorX/facturascripts,Core/Lib/ListFilter/CheckboxFilter.php,bd206268182ae08bd8af36a06b70b1f3b93f74ea,true,false
NeoRazorX/facturascripts,Core/Controller/ReportTaxes.php,e8b5deb2c6977496840787c16936d528886fce5e,true,false
NottingHack/hms2,app/Jobs/EmailTeamReminderJob.php,d6f201e56e5eaff699849a8b04a3179011d5db99,true,false
OSTraining/OSMap,src/extensions/plg_osmap_joomla/joomla.php,24e1b9c5ccc81969effe29427185cc52bb9729bf,true,false
PECE-project/drupal-pece,src/modules/pece/pece_ark/pece_ark.batches.inc,62384138ab2fe385c5dcf48decb94197d7763551,true,false
PHPBoost/PHPBoost,forum/templates/forum_membermsg.tpl,2a49bb97f26f946b479f38377c36b35d873900c1,false,true
PHPMailer/PHPMailer,changelog.md,537927b550b7091d756d071460a1396a123eadf1,true,false
PHPMailer/PHPMailer,src/PHPMailer.php,537927b550b7091d756d071460a1396a123eadf1,true,false
RSS-Bridge/rss-bridge,lib/XPathAbstract.php,87b3aaa550ca0ccd7e494327283ef0dd97ff744f,true,false
RSS-Bridge/rss-bridge,bridges/VkBridge.php,9254d14f50685322192ae0ef7e8174848e6b73b2,true,false
RSS-Bridge/rss-bridge,bridges/MozillaBugTrackerBridge.php,c445ba6ebba6b8647c5a918cc9d65c02bc644c23,true,false
Recras/recras-wordpress-plugin,src/ContactForm.php,ca5bfda923f8646c091582a28742316691ea3068,true,false
RichardTMiles/CarbonPHP,src/Database.php,77bcb6556e43bbaf7c2eed12e86e504faf936ba0,true,false
Seravo/seravo-plugin,seravo-plugin.php,ba6a43e6970c04587789ccf0502830dff6299c83,true,false
TYPO3-Solr/ext-solr,Resources/Public/JavaScript/suggest_controller.js,bc0bea90239525f6f43c4b6bdc4d1821205cb41f,true,false
TYPO3/testing-framework,Classes/Core/Functional/Framework/FrameworkState.php,4ced634e8d2b372b1c469c15bd7f90e3aca3f6cc,true,false
TYPO3/testing-framework,Classes/Core/Functional/Framework/DataHandling/CsvWriterStreamFilter.php,604ee182e97a3717335404db8a6a36ac7c47b99c,true,true
Teplitsa/Leyka,gateways/cp/js/leyka.cp.js,63011e4d611a973f78a741df7ed867629aafc15d,true,false
Teplitsa/Leyka,inc/admin-lists/leyka-class-donors-list-table.php,f5a04f088241154bd7e5d62c89fd4c30d0b8d864,true,false
UniSharp/laravel-filemanager,src/Controllers/UploadController.php,608acbbea3d8ef07e34955b8d0014025f06f1311,true,false
WillyXJ/facileManager,server/fm-modules/fmDNS/classes/class_servers.php,30321d18a68f42e62cd7330fc90fa2ec74d2c775,true,false
WoltLab/WCF,wcfsetup/install/files/lib/system/style/StyleCompiler.class.php,7485cc0c3ef9c08d2dd7471aaacf5409388ea63a,false,true
WordPressUtilities/wpucontactforms,README.md,2644a43decc7f7cc5511d95605fe2752f211b7de,true,false
aces/Loris,tools/CouchDB_Import_Instruments.php,735e8175b39da17f0b91f263311be84128a9b01a,true,false
aces/Loris,modules/instrument_builder/jsx/react.questions.js,7e2b47a51ce92dcd92ec1c303dfd40f54967945d,true,false
aces/Loris,.github/workflows/loristest.yml,a3724f186ee7ccea186e2af67a82eed097c3a6f3,true,false
aces/Loris,modules/electrophysiology_browser/README.md,a3724f186ee7ccea186e2af67a82eed097c3a6f3,true,false
aces/Loris,modules/electrophysiology_browser/jsx/electrophysiologySessionView.js,a3724f186ee7ccea186e2af67a82eed097c3a6f3,true,false
aces/Loris,modules/electrophysiology_browser/jsx/react-series-data-viewer/package.json,a3724f186ee7ccea186e2af67a82eed097c3a6f3,true,false
aimeos/ai-admin-jqadm,admin/jqadm/templates/customer/item-standard.php,0c1fe0adadb2e0eee7d2d1881f338e099ba4199b,false,true
aimeos/ai-admin-jqadm,admin/jqadm/src/Admin/JQAdm/Settings/Standard.php,0debeb1a30e66f5811a5218ae543645c0008d89e,true,false
aimeos/ai-admin-jqadm,admin/jqadm/tests/Admin/JQAdm/Locale/Site/StandardTest.php,9b8b68930ccd180bf108ce997d3be4024d9bc953,false,true
aimeos/ai-admin-jqadm,admin/jqadm/src/Admin/JQAdm.php,b83ee32db9659d3b24e995b8d2f17e4b9e76d747,true,false
aimeos/ai-client-html,client/html/templates/catalog/lists/body-standard.php,441b12eabd98ea5b0230451e08ba6131705e09ec,true,true
aimeos/ai-client-html,client/html/themes/default/aimeos.js,8f0335955b9c75ac46a24be09e7cc1529541415b,true,false
aimeos/ai-client-html,client/html/templates/checkout/standard/address-partial-standard.php,a718ead6f4de74bf791e5cb33f0fbb5c76e5104a,false,true
aimeos/ai-client-html,client/html/templates/checkout/standard/process-body-standard.php,ec102aa487f69dd7607c44617f3149c053ab040e,false,true
aimeos/ai-client-jsonapi,client/jsonapi/templates/customer/standard.php,76815ba5e3626e90da3abbb910b45730246f7004,true,false
aimeos/ai-controller-frontend,controller/frontend/src/Controller/Frontend/Product/Iface.php,92a98a5a576a9f287a3182ce958f209ce9c8af91,true,false
aimeos/ai-controller-jobs,controller/common/src/Controller/Common/Supplier/Import/Csv/Processor/Address/Standard.php,e374fca0d6ff610b239dcecf2cddc4f7e18eb74d,false,true
aimeos/ai-controller-jobs,controller/common/tests/Controller/Common/Product/Import/Csv/Processor/Catalog/StandardTest.php,e374fca0d6ff610b239dcecf2cddc4f7e18eb74d,false,true
aimeos/ai-controller-jobs,controller/common/tests/Controller/Common/Product/Import/Csv/Processor/Supplier/StandardTest.php,e374fca0d6ff610b239dcecf2cddc4f7e18eb74d,false,true
aimeos/ai-controller-jobs,controller/common/tests/Controller/Common/Supplier/Import/Csv/Processor/Address/StandardTest.php,e374fca0d6ff610b239dcecf2cddc4f7e18eb74d,false,true
aimeos/ai-typo3,lib/custom/src/MW/Mail/Message/Typo3.php,01022cc21b18744c97332ed66c4f4b8ab3b59ae4,true,false
aimeos/aimeos-typo3,Classes/Custom/Composer.php,414543126691ebc65f03531364bb1f1e8f1b7b47,false,true
akaunting/akaunting,app/Jobs/Banking/CreateBankingDocumentTransaction.php,771ae64f0eb6bc78e7fe460dc4493a0beeedc41e,true,false
akaunting/akaunting,app/Traits/Uploads.php,b11fa98e347b0a8f343c2160472a33e589f96f32,true,false
akaunting/akaunting,app/Jobs/Document/CreateDocumentItemsAndTotals.php,c9f7ea905ae227a79e16586c35798e39d2901406,true,false
akrherz/iem,scripts/climodat/daily_estimator.py,4d0077677edb407789257fca9810200a666cc2af,true,false
akrherz/iem,scripts/webalizer/processlogs.sh,9cc95b7976b5b49af2da1cbcda9159ce95d0f296,true,false
akrherz/iem,scripts/ingestors/other/parse0010.py,a4530c521429bb4c58968a30a8cbd746a33caa41,true,false
akrherz/iem,scripts/dbutil/clean_unknown_hads.py,cab8923daab6f1cfdc60f1d4eaa5a622920a55c0,true,false
ampproject/amp-toolbox-php,src/Dom/Document/Filter/ProtectEsiTags.php,c974ef72581e2f4d7812e05db3ffd4d2bb9fd797,true,false
ampproject/amp-wp,src/BackgroundTask/CronBasedBackgroundTask.php,42a2c35c181cf74e793446d6cc8b3bb0d9f87407,true,true
auth0/auth0-PHP,src/Store/SessionStore.php,5bdf73dfc133d192f92b551849882499687c1b1e,true,true
brick/geo,phpunit-bootstrap.php,a282fd93fc3eb39f8dfa6d0b614c7d71fd45e6da,false,true
camdram/camdram,src/Acts/CamdramBundle/Entity/Position.php,19c0021d40448fd11be246752171bc3c681cf701,true,false
camdram/camdram,tests/CamdramBundle/Controller/PositionControllerTest.php,19c0021d40448fd11be246752171bc3c681cf701,true,false
camdram/camdram,tests/RestTestCase.php,19c0021d40448fd11be246752171bc3c681cf701,true,false
centreon/centreon,www/include/Administration/myAccount/formMyAccount.ihtml,19b533172aa80b599792dcf8af0351138843b691,true,false
centreon/centreon,www/include/Administration/myAccount/formMyAccount.php,19b533172aa80b599792dcf8af0351138843b691,true,false
centreon/centreon,www/include/configuration/configObject/timeperiod/formTimeperiod.ihtml,22cef9f756f7d854b33a675526cb3d494e553294,true,false
centreon/centreon,www/include/configuration/configObject/timeperiod/formTimeperiod.php,22cef9f756f7d854b33a675526cb3d494e553294,true,false
centreon/centreon,www/front_src/src/Resources/Details/tabs/Graph/index.tsx,2bdcb2f33e3dad07c3ea3349dd46d0bf010d942f,true,false
centreon/centreon,src/Centreon/Application/DataRepresenter/Topology/NavigationList.php,44574cb34ffa701c03fceeb1aedb2d2e82f7fec5,true,false
centreon/centreon,src/Centreon/Tests/Application/DataRepresenter/Topology/NavigationListTest.php,44574cb34ffa701c03fceeb1aedb2d2e82f7fec5,true,false
centreon/centreon,src/Centreon/Tests/Resources/Fixture/Topology/navigation-list-01.json,44574cb34ffa701c03fceeb1aedb2d2e82f7fec5,true,false
centreon/centreon,features/bootstrap/AcknowledgementTimeoutContext.php,9437c428b109b722f326c1b0e106c7f7099b8bfe,true,false
centreon/centreon,www/class/centreonAuth.SSO.class.php,a084bed437a559d90c6f1e41fa4f8f0c3b698842,true,false
centreon/centreon,www/front_src/src/Header/userMenu/index.js,a3586f2cb26dc8c5cd0869647eaabbd637d34474,true,false
centreon/centreon,www/class/centreonHostgroups.class.php,f92dc8f304b805d86d5d8e7ccf34bbe5b3904bc9,true,false
centreon/centreon,www/front_src/src/Navigation/Sidebar/Menu/index.js,ffbfee00d1bcca7642a89de2e622e3ad2494c515,true,false
christiespeich/Mooberry-Book-Manager,includes/class-mbm-book-grid.php,650e5022ec4d2efbeb818bf49488bea22443c77e,true,false
commsy/commsy,templates/base.html.twig,17844c01506a89fc8ed7b33285b3128b6a2ef129,true,false
commsy/commsy,templates/user/global_navbar.html.twig,3ba0b868caa289cbae59465e8aef04dbd567114d,true,false
composer/composer,.github/CONTRIBUTING.md,0868245589c395272ac762e423b27b0226456302,false,true
composer/composer,doc/07-runtime.md,0868245589c395272ac762e423b27b0226456302,false,true
composer/composer,doc/08-community.md,0868245589c395272ac762e423b27b0226456302,false,true
composer/composer,doc/articles/plugins.md,0868245589c395272ac762e423b27b0226456302,false,true
concrete5/concrete5,concrete/src/Attribute/Category/AbstractCategory.php,90b46dc458c17c84ae1ad3b093532e7dac1ad0b6,false,true
danog/MadelineProto,src/danog/MadelineProto/Loop/Update/UpdateLoop.php,21c6c5bb8941711de50beb45f3bdb3cc371a4763,true,false
datawrapper/datawrapper,services/api/src/routes/charts/{id}/export.js,09fee0ff6cb5f05419bfa1ec81c92673e172cc69,true,false
datawrapper/datawrapper,services/api/src/routes/charts/{id}/export.test.js,09fee0ff6cb5f05419bfa1ec81c92673e172cc69,true,false
datawrapper/datawrapper,services/api/src/server.js,5be0317d0ca6f84a341bf174100e3506b4d6476a,true,true
datawrapper/datawrapper,libs/chart-core/lib/dw/visualization.base.mjs,d9e0ab52dc100f0a95a3d36aa91dac9793c7c1ab,true,true
deployphp/deployer,recipe/laravel.php,083a30003d98fad9420d6dc14fbcf14394e313de,false,true
deployphp/deployer,src/Command/BlackjackCommand.php,3a99840acd05ebb9d82836a5d6f3243f261f7bb9,false,true
deployphp/deployer,src/Command/InitCommand.php,becad487e5184a77df64eb3e1965baa5a00f9b6b,false,true
devcode-it/openstamanager,modules/articoli/plugins/articoli.movimenti.php,39a75deaf5542654f52187e997dbf13b33ad5331,true,false
devcode-it/openstamanager,modules/anagrafiche/actions.php,4958813e84086606acce2a76fd58ce54a531591e,true,false
devcode-it/openstamanager,modules/preventivi/actions.php,53d9e0445b1fcf2f21b3a5438e1afe657651405d,true,false
devcode-it/openstamanager,editor.php,84d967f6ae556f917f08b390c632de7f5d664f49,true,false
dimaninc/di_core,php/src/diCore/Payment/Yandex/Kassa.php,3932d113effb54d03bf1eb4951ac32883bcd2b0c,true,false
dimaninc/di_core,php/admin/diDynamicRows.php,4e82aac7ce32afb7497e3388dbaa6760f392d801,true,false
dotmailer/dotmailer-magento2-extension,Block/Adminhtml/Rules/Edit/Tab/Coupons/Form.php,613e0e375fc0fc97f5243f78ff18f3ba36347aef,false,true
edno/codeception-gherkin-param,.github/workflows/run-tests.yml,3b47a27b9c5d28b6638e531ebf3a24dfa7483e1e,true,false
edno/codeception-gherkin-param,Earthfile,3b47a27b9c5d28b6638e531ebf3a24dfa7483e1e,true,false
edno/codeception-gherkin-param,composer.json,3b47a27b9c5d28b6638e531ebf3a24dfa7483e1e,true,false
edno/codeception-gherkin-param,phpstan.neon.dist,3b47a27b9c5d28b6638e531ebf3a24dfa7483e1e,true,false
edno/codeception-gherkin-param,src/GherkinParam.php,3b47a27b9c5d28b6638e531ebf3a24dfa7483e1e,true,false
edno/codeception-gherkin-param,tests/_support/AcceptanceTester.php,3b47a27b9c5d28b6638e531ebf3a24dfa7483e1e,true,false
edno/codeception-gherkin-param,tests/_support/Helper/Acceptance.php,3b47a27b9c5d28b6638e531ebf3a24dfa7483e1e,true,false
edno/codeception-gherkin-param,tests/_support/Helper/ConfigHelper.php,3b47a27b9c5d28b6638e531ebf3a24dfa7483e1e,true,false
edno/codeception-gherkin-param,tests/_support/Helper/ExtHelper.php,3b47a27b9c5d28b6638e531ebf3a24dfa7483e1e,true,false
edno/codeception-gherkin-param,tests/unit/GherkinParamExceptionTest.php,3b47a27b9c5d28b6638e531ebf3a24dfa7483e1e,true,false
edno/codeception-gherkin-param,tests/unit/GherkinParamNullableTest.php,3b47a27b9c5d28b6638e531ebf3a24dfa7483e1e,true,false
edwardspec/mediawiki-moderation,lib/consequence/SendNotificationEmailConsequence.php,fcfd7e6b0fb53ff320f7d9db5881e43d6512f80b,false,true
engelsystem/engelsystem,includes/controller/users_controller.php,6d2b36a74661bf03addbd44a81dc94313f80b159,true,false
engelsystem/engelsystem,includes/pages/user_shifts.php,a68c8ae6d21185fc13825739900ce9d11a636ddf,true,false
enhavo/EnhavoAppBundle,Resources/views/admin/view/base.html.twig,d0132427a40c78deea14b5ce475de17eb9bb25fe,true,true
enhavo/enhavo,assets/node_modules/@enhavo/app/menu/model/MenuList.ts,6cb80befdc45769a0f6ceb3cec77cc5c76e39d25,true,false
enhavo/enhavo,src/Enhavo/Bundle/FormBundle/Formatter/HtmlSanitizer.php,6da20a34fbd139bbffeeb4efd7c20cd07555f968,true,false
enhavo/enhavo,src/Enhavo/Bundle/FormBundle/Form/Type/BooleanType.php,88cda25cb6cc263281ae9297814f39e6afaaefe3,true,false
enhavo/enhavo,src/Enhavo/Bundle/FormBundle/Tests/Form/Type/BooleanTypeTest.php,88cda25cb6cc263281ae9297814f39e6afaaefe3,true,false
enhavo/enhavo,src/Enhavo/Bundle/TemplateBundle/Router/TemplateStrategy.php,b4309cec478fbb9f32c46c9782094d29ddb4ee2e,true,false
enhavo/enhavo,src/Enhavo/Bundle/SearchBundle/Extractor/Extractor.php,e79243aec63388a35bbe4afe151779cfcbe8c250,false,true
espocrm/espocrm,application/Espo/EntryPoints/Pdf.php,056191db82e8978f65a5a4bfe108aa5ec2354fa1,true,false
espocrm/espocrm,client/src/views/email/record/compose.js,07f6bf7a7afccce24870f79f5a75ab7fc02f69e4,true,false
espocrm/espocrm,application/Espo/ORM/Query/SelectingBuilderTrait.php,1178d01baae5b2c555c4f21a032ad1f6fae9a0c1,true,false
espocrm/espocrm,client/src/view-helper.js,16544a4a70f95c25635e48b5bbbf5a95caeadd3b,true,false
espocrm/espocrm,client/src/views/record/merge.js,3d4f6055e47aa82e9007cefc24fea9133b800876,true,false
espocrm/espocrm,application/Espo/Services/InboundEmail.php,54863ca6a409c7b2f56e0f81ff2a0830c4ef855d,true,false
espocrm/espocrm,js/diff.js,70499e504c69493de36e9b8a9e82b05a1d23479e,true,false
espocrm/espocrm,application/Espo/Core/Utils/Config/ConfigWriter.php,7057b3ba8210f7ba88af0730ea8d603983b42bdc,true,false
espocrm/espocrm,client/src/views/fields/duration.js,79ae89d1728c0eb369a449546893090d9fa6f5c9,true,false
espocrm/espocrm,application/Espo/Services/User.php,7cd332228a84cf9f2fb20d10344f7611c7984604,true,false
espocrm/espocrm,application/Espo/Services/Attachment.php,83ac300aa37dc88bfef24960b18ca90e67f75755,true,false
espocrm/espocrm,application/Espo/Tools/Export/Export.php,bb703e2060a2409c0d2694302ec6314f3872ba41,true,false
espocrm/espocrm,application/Espo/Modules/Crm/Services/Activities.php,c5bc7136c7af16059da6f0223650dbfd73d36a6e,true,false
espocrm/espocrm,application/Espo/Modules/Crm/Classes/Select/Task/PrimaryFilters/Completed.php,c65cabffd57e1c3ba2113d7980e6b0bac1ec439b,true,false
espocrm/espocrm,application/Espo/Core/FieldProcessing/LinkMultiple/ListLoader.php,d5779878c7c214ed1d55894a2c75e38842b6e5c5,true,false
espocrm/espocrm,application/Espo/Classes/Select/EmailAddress/PrimaryFilters/Orphan.php,e1ef2b34ea5aff321b294ef4ba47575460dd49e3,true,false
espocrm/espocrm,application/Espo/Modules/Crm/Classes/Select/Lead/PrimaryFilters/Actual.php,e80b55572b30c7342158006d0ce10d8d99a3fa4f,true,false
espocrm/espocrm,application/Espo/Core/Mail/Importer.php,f1fddb7325596defbb5f423d7d1a6ffb4b6e6b80,true,false
espocrm/espocrm,application/Espo/Modules/Crm/Repositories/CaseObj.php,f641a3c9c6c1f5cbb9e7a732762bfe4b12b741be,true,false
etraxis/etraxis,config/packages/messenger.yaml,341b533cb496c3e6db95d00185847ec514a1e872,true,false
etraxis/etraxis,src/MessageBus/Middleware/ValidationExceptionMiddleware.php,341b533cb496c3e6db95d00185847ec514a1e872,true,false
etraxis/etraxis,tests/MessageBus/Middleware/ValidationExceptionMiddlewareTest.php,341b533cb496c3e6db95d00185847ec514a1e872,true,false
eventum/eventum,src/Console/Command/AttachmentMigrateCommand.php,692dc86e981c2381705d02ba41810db61b08e43f,true,false
fabiomattei/uglyduckling,src/Common/Controllers/JsonResourcePartialBasicController.php,c81fd8c8828a09f8a683d7a875ce2d6d885f1030,false,true
facile-it/paraunit,src/Configuration/TempFilenameFactory.php,eda90e016f71256a55e24fb3149279e9db63c7fe,true,false
facile-it/paraunit,tests/Functional/Parser/JSON/AbstractTestHookTest.php,eda90e016f71256a55e24fb3149279e9db63c7fe,true,false
fastly/fastly-magento2,view/frontend/web/js/gallery/gallery-mixin.js,5e75201b76e9cdb79f8f86ec77416cdec0a712b6,true,false
fastly/fastly-magento2,Model/FrontControllerPlugin.php,be0bdc1270ab8fd9fc2368790cb00684e034f8ea,true,false
foodcoopshop/foodcoopshop,plugins/Admin/webroot/css/mobile.css,98d18600abb241d7ab8f5dd2244ca2fa42bd91cb,true,false
geminorum/gnetwork,includes/Modules/Editor.php,9b1dad253153b19912aafb254f6fbc87a1e152ce,false,true
generalludd/tour,application/models/Roommate_model.php,0e14476985d9b08f825401c71e42ddc63ac4c4d1,true,false
getgrav/grav,system/src/Grav/Common/Page/Page.php,125f2a8662f7eb1c654551db67d0d104be0b3e5a,false,true
getsentry/sentry-laravel,src/Sentry/Laravel/SentryHandler.php,955a38e78963986042343e65fcadd73af702d2cb,true,false
gjb2048/moodle-format_topcoll,templates/toggleall.mustache,4471cd8c7f6f26244be379d436b953d5fd7168eb,false,true
gjb2048/moodle-format_topcoll,tests/phpu_data/test_print_multiple_section_page_css.txt,4471cd8c7f6f26244be379d436b953d5fd7168eb,false,true
gjb2048/moodle-format_topcoll,templates/sectioncm.mustache,a8ee6d51d3fbab9ec667bfbbe79523a1b86bbe57,false,true
googleapis/gapic-generator-php,src/Utils/ProtoCatalog.php,e2361e8c3f7171e63effcefbaa50c455d5fb512d,true,false
googleapis/gapic-generator-php,tests/Unit/Utils/ProtoHelpersTest.php,e2361e8c3f7171e63effcefbaa50c455d5fb512d,true,false
googleapis/google-cloud-php,Channel/metadata/V1/Service.php,c5d9ddef93d2bcdc179329069f8f3379138aee8c,true,false
guzzle/guzzle,src/Client.php,399c0eaf9bd9b9992bf008b53c758a1f986080b4,true,true
guzzle/guzzle,tests/ClientTest.php,399c0eaf9bd9b9992bf008b53c758a1f986080b4,true,true
guzzle/guzzle,src/Handler/StreamHandler.php,5da9dac6aee40dabe4d1edd76c7e55f7d75c9938,true,false
guzzle/psr7,src/MultipartStream.php,04896ddeb63173888238ff1e8bad58df650a9d90,true,false
guzzle/psr7,tests/MultipartStreamTest.php,04896ddeb63173888238ff1e8bad58df650a9d90,true,false
hiqdev/hiapi,src/Console/Formatter/Php.php,3933d407b97bacff3e30b94bd4e1723ca7911549,true,false
hubzero/hubzero-cms,core/components/com_installer/admin/controllers/customexts.php,2394296de645c58f0dbc1feebdfe42a6421710ba,true,false
hubzero/hubzero-cms,core/components/com_menus/admin/controllers/items.php,314e4cef0460cfd9d918ab0f3d9b8d4cdbe408a9,true,false
imgag/megSAP,src/Tools/db_background_jobs.php,1aae00895a2debacb7b9c80d9ae5a625bafefe16,false,true
imgag/megSAP,src/Pipelines/analyze_rna.php,5caa89881081c3802117747bc692450aa0fbd6a1,true,false
in2code-de/in2publish_core,Classes/ViewHelpers/Be/GetClassNameOnActionViewHelper.php,0ba0558e2c85dc830ccd9b84be820df14ab3433d,true,false
in2code-de/in2publish_core,Resources/Private/Partials/Tools/ToolsMenuEntries.html,0ba0558e2c85dc830ccd9b84be820df14ab3433d,true,false
inex/IXP-Manager,app/Http/Controllers/PatchPanel/PatchPanelController.php,d61fc07c4230517f00787e47471c71f9ee48763d,true,false
it-novum/openITCOCKPIT,src/Controller/DashboardsController.php,e3b3e7702ff4c0f0fe143be32328db24cf769a45,true,false
jasonwynn10/MyPlot,src/MyPlot/task/FillPlotTask.php,404257ae17085cbd1a49913929eefa7a8afe83fb,true,false
jonsito/AgilityContest,agility/scripts/printer.js.php,2e941735979c898902536d9839c1363c0c7f88a5,true,false
jonsito/AgilityContest,agility/server/database/classes/Resultados.php,633e654b05d68ca1c1a3eda16da082eebb096fb0,true,false
jonsito/AgilityContest,web/blog/index.php,889c59ad0870932a3ffb0c648d01083229036afe,true,false
jonsito/AgilityContest,agility/images/supporters/rfec_2021/galican.png,9ee19a16fac38f4ad228c00875f002b16da19b1a,true,false
jonsito/AgilityContest,agility/server/auth/AuthManager.php,d11800e7ec1be25ae2d8fc9284fa3b15f0393e53,true,false
jonsito/AgilityContest,agility/server/pdf/print_common.php,ea45e102c92784f8fbfe99cfd42d11f8e5d4be33,true,false
kiwi3685/kiwitrees,modules_v4/album/module.php,1e97c120741cd1b708c27f43996b37404c0fe4c8,true,false
kiwi3685/kiwitrees-nova,help_text.php,b14c3f2ef3b2a6b9e211939c476182d1bae3f5b2,true,false
kiwi3685/kiwitrees-nova,modules_v4/tabi_album/album_print_media.php,c33e3d530fe8744a1bd2629f3e4eca20620e50be,true,false
kiwi3685/kiwitrees-nova,modules_v4/tabi_album/module.php,cfb98486fafd59419b98082503dca1b18cc26197,true,false
kiwi3685/kiwitrees-nova,admin_trees_manage.php,ee96b931b7b751e2426212e2ef3dc5afc465c520,true,false
kohler/peteramati,src/queueitem.php,5d67027b2baec8f3d940b0dbdba0857db121385c,true,false
lairdubois/lairdubois,src/Ladb/CoreBundle/Resources/views/Knowledge/Book/_form.html.twig,b3db76ff08a829744723baf50dbea53ac4a0cd8f,true,false
leoloso/PoP,layers/Engine/packages/root/src/Container/Loader/ForceAutoconfigureYamlFileLoader.php,c24e498a00e28fa879bfa2cf24cbda6479a88b50,true,false
librenms/librenms,html/images/os/snom.svg,3ef21e740c2883d4e46ae40ee8b34ae8b3934e3d,false,true
librenms/librenms,includes/polling/os/snom.inc.php,3ef21e740c2883d4e46ae40ee8b34ae8b3934e3d,false,true
librenms/librenms,includes/polling/entity-physical/cimc.inc.php,45ab7a5cf0f68f8566ccb892ea82ff461f4fb3f2,true,false
librenms/librenms,LibreNMS/OS/Endrun.php,51e6701c4a602a6d880ae49206b4814565ac1c2d,true,false
librenms/librenms,includes/definitions/discovery/endrun.yaml,51e6701c4a602a6d880ae49206b4814565ac1c2d,true,false
librenms/librenms,includes/definitions/endrun.yaml,51e6701c4a602a6d880ae49206b4814565ac1c2d,true,false
librenms/librenms,mibs/endrun/MERIDIAN2-MIB,51e6701c4a602a6d880ae49206b4814565ac1c2d,true,false
librenms/librenms,tests/data/endrun_meridian2.json,51e6701c4a602a6d880ae49206b4814565ac1c2d,true,false
librenms/librenms,tests/data/endrun_sonoma.json,51e6701c4a602a6d880ae49206b4814565ac1c2d,true,false
librenms/librenms,tests/data/endrun_tempus.json,51e6701c4a602a6d880ae49206b4814565ac1c2d,true,false
librenms/librenms,tests/snmpsim/endrun_meridian2.snmprec,51e6701c4a602a6d880ae49206b4814565ac1c2d,true,false
librenms/librenms,tests/snmpsim/endrun_sonoma.snmprec,51e6701c4a602a6d880ae49206b4814565ac1c2d,true,false
librenms/librenms,tests/snmpsim/endrun_tempus.snmprec,51e6701c4a602a6d880ae49206b4814565ac1c2d,true,false
librenms/librenms,LibreNMS/OS/RutosRutx.php,5536c8bdcb757f2e9d19fb853418664ac97a3ad0,true,false
librenms/librenms,includes/discovery/bgp-peers/timos.inc.php,568d12cbd8d5897b1c9562cf109ce67f6caf2d37,true,false
librenms/librenms,tests/Browser/LoginTest.php,66d0a34f403db8ecaec9a725402d0f6db3ffdfbc,false,true
librenms/librenms,includes/discovery/sensors/fanspeed/windows.inc.php,81819c2acad617e18e0c607cd1cb1bb7eca89278,true,false
librenms/librenms,database/migrations/2021_10_20_224207_increase_length_of_attrib_type_column.php,8d5d0b12c367d30333d1722b92f4d00e3723dfdf,false,true
librenms/librenms,database/migrations/2021_10_03_164200_update_hrsystem_table.php,95932edc3bbc7e0cef8753b62ad4f4abf06a6336,true,false
librenms/librenms,includes/html/pages/device/showconfig.inc.php,bc8efedc83e5b641c626a2555288930bb23fb914,true,false
librenms/librenms,LibreNMS/OS/EricssonTn.php,f28802bb2b29e3db209bc5fe3809ab3bacc005ec,true,false
librenms/librenms,mibs/ericsson/XF-RADIOLINK-PTP-MODEM-MIB,f28802bb2b29e3db209bc5fe3809ab3bacc005ec,true,false
librenms/librenms,tests/data/ericsson-tn_tn.json,f28802bb2b29e3db209bc5fe3809ab3bacc005ec,true,false
librenms/librenms,tests/snmpsim/ericsson-tn_tn.snmprec,f28802bb2b29e3db209bc5fe3809ab3bacc005ec,true,false
lightspeeddevelopment/tour-operator,includes/template-tags/maps.php,96dc8ab8108138a8c85c921955079cfa203ae102,true,false
lionixevolve/LionixCRM,custom/lionix/js/jquery-plugins/select2-lionixcrm.js,dd6c69c185198c65ae43af8eb13005289f49b6a2,true,false
llaville/php-compatinfo-db,data/reference/extension/gd/81/functions.json,57d3f6ec3bdfae7a3d2e96503351d644b800c2a7,true,false
llaville/php-compatinfo-db,src/Application/Query/Init/InitHandler.php,57d3f6ec3bdfae7a3d2e96503351d644b800c2a7,true,false
lobbywatch/lobbywatch,lobbywatch_bearbeitung_public.pgtm,74b1073764e5907ca44e69ea46da419d782e893c,true,false
lobbywatch/lobbywatch,public_html/bearbeitung/organisation.php,74b1073764e5907ca44e69ea46da419d782e893c,true,false
madbob/GASdottoNG,code/app/Notifications/ReceiptForward.php,0c3fb175fd9213048af388ece9a1566f0b66a946,true,false
madbob/GASdottoNG,code/resources/views/invoice/edit.blade.php,7162fb00c28a9d69df33a78db12903b1255a9ee4,true,false
mailcow/mailcow-dockerized,data/web/templates/admin/tab-config-f2b.twig,254778fb2058e58c5115a0e8a261774c74c8b9f3,true,false
mailcow/mailcow-dockerized,data/conf/rspamd/dynmaps/settings.php,a26bbff63f5e97e1c162572996e2a0a4e0ffd9d9,true,false
mailcow/mailcow-dockerized,generate_config.sh,d278f22438b3f7fd3458a67cf72d5788dca35022,true,false
mamont77/easydrupal,themes/custom/easydrupal/scss/_date.scss,8166f2c5c2d0277193525c24a148fed5aacf1944,false,true
mamont77/easydrupal,themes/custom/easydrupal/scss/_overrides.scss,8166f2c5c2d0277193525c24a148fed5aacf1944,false,true
mamont77/easydrupal,sites/default/config/core.entity_view_mode.media.article.yml,f285dc4ab2762d2c8f5c7393cce6ba643dcf4cff,false,true
mamont77/easydrupal,sites/default/config/core.entity_view_mode.media.landing_page_article.yml,f285dc4ab2762d2c8f5c7393cce6ba643dcf4cff,false,true
mamont77/easydrupal,sites/default/config/core.entity_view_mode.media.project_landing_page.yml,f285dc4ab2762d2c8f5c7393cce6ba643dcf4cff,false,true
mamont77/easydrupal,sites/default/config/core.entity_view_mode.media.project_logo.yml,f285dc4ab2762d2c8f5c7393cce6ba643dcf4cff,false,true
mamont77/easydrupal,sites/default/config/core.entity_view_mode.media.project_summary.yml,f285dc4ab2762d2c8f5c7393cce6ba643dcf4cff,false,true
mamont77/easydrupal,themes/custom/easydrupal/templates/views-view-fields--portfolio--page-1.html.twig,f285dc4ab2762d2c8f5c7393cce6ba643dcf4cff,false,true
marius-wieschollek/passwords,src/lib/Services/ValidationService.php,364036d15e1c82b2bea794d5b3d99baa357e56f4,true,false
marius-wieschollek/passwords,tests/phpunit/Services/ValidatePasswordTest.php,364036d15e1c82b2bea794d5b3d99baa357e56f4,true,false
marius-wieschollek/passwords,src/js/Helper/Import/CsvConversionHelper.js,cb0af280d67c5725660217b7dae74e69f612b729,false,true
michaeluno/amazon-auto-links,include/core/component/unit/_common/admin/form_field/AmazonAutoLinks_FormFields_Unit_AutoInsert.php,df954e37084f562cd52e33f5aed4710a512bd543,true,false
miraheze/ManageWiki,includes/api/ApiQueryWikiConfig.php,56026adf5b9ecf92b93a3133906e5c69050a9373,false,true
miraheze/ManageWiki,includes/helpers/ManageWikiTypes.php,7726a6007dca5d8be2ac8212f79a1d7016a7cfa0,true,false
mjh-nyc/mjh-superproject,web/app/themes/mjh/resources/assets/scripts/routes/common.js,11a8bd6e099d6f55cb66189e0acd090a704553a8,true,false
mmewen/mewen.fr,tale2kirby.py,9b84d7d98834cee5faa712cf4088f0ef1e4c584a,true,false
mongodb/mongo-php-driver,tests/apm/commandFailedEvent-001.phpt,a4740e8d4367558c92dbb550ea47e66cdb0483e5,true,true
mongodb/mongo-php-driver,tests/apm/commandFailedEvent-002.phpt,a4740e8d4367558c92dbb550ea47e66cdb0483e5,true,true
mongodb/mongo-php-driver,tests/apm/commandFailedEvent-debug-001.phpt,a4740e8d4367558c92dbb550ea47e66cdb0483e5,true,true
mongodb/mongo-php-driver,tests/apm/commandFailedEvent-getReply-001.phpt,a4740e8d4367558c92dbb550ea47e66cdb0483e5,true,true
mongodb/mongo-php-driver,tests/apm/commandFailedEvent-getServiceId-001.phpt,a4740e8d4367558c92dbb550ea47e66cdb0483e5,true,true
mongodb/mongo-php-driver,tests/apm/commandFailedEvent-getServiceId-002.phpt,a4740e8d4367558c92dbb550ea47e66cdb0483e5,true,true
mongodb/mongo-php-driver,tests/apm/commandStartedEvent-001.phpt,a4740e8d4367558c92dbb550ea47e66cdb0483e5,true,true
mongodb/mongo-php-driver,tests/apm/commandStartedEvent-debug-001.phpt,a4740e8d4367558c92dbb550ea47e66cdb0483e5,true,true
mongodb/mongo-php-driver,tests/apm/commandStartedEvent-getServiceId-001.phpt,a4740e8d4367558c92dbb550ea47e66cdb0483e5,true,true
mongodb/mongo-php-driver,tests/apm/commandStartedEvent-getServiceId-002.phpt,a4740e8d4367558c92dbb550ea47e66cdb0483e5,true,true
mongodb/mongo-php-driver,tests/apm/commandSucceededEvent-001.phpt,a4740e8d4367558c92dbb550ea47e66cdb0483e5,true,true
mongodb/mongo-php-driver,tests/apm/commandSucceededEvent-002.phpt,a4740e8d4367558c92dbb550ea47e66cdb0483e5,true,true
mongodb/mongo-php-driver,tests/apm/commandSucceededEvent-debug-001.phpt,a4740e8d4367558c92dbb550ea47e66cdb0483e5,true,true
mongodb/mongo-php-driver,tests/apm/commandSucceededEvent-getServiceId-001.phpt,a4740e8d4367558c92dbb550ea47e66cdb0483e5,true,true
mongodb/mongo-php-driver,tests/apm/commandSucceededEvent-getServiceId-002.phpt,a4740e8d4367558c92dbb550ea47e66cdb0483e5,true,true
mongodb/mongo-php-driver,tests/apm/monitoring-commandFailed-001.phpt,a4740e8d4367558c92dbb550ea47e66cdb0483e5,true,true
mongodb/mongo-php-driver,tests/apm/monitoring-commandFailed-002.phpt,a4740e8d4367558c92dbb550ea47e66cdb0483e5,true,true
mongodb/mongo-php-driver,tests/apm/monitoring-commandFailed-003.phpt,a4740e8d4367558c92dbb550ea47e66cdb0483e5,true,true
mongodb/mongo-php-driver,tests/apm/monitoring-commandStarted-001.phpt,a4740e8d4367558c92dbb550ea47e66cdb0483e5,true,true
mongodb/mongo-php-driver,tests/apm/monitoring-commandSucceeded-001.phpt,a4740e8d4367558c92dbb550ea47e66cdb0483e5,true,true
mongodb/mongo-php-driver,tests/apm/monitoring-commandSucceeded-002.phpt,a4740e8d4367558c92dbb550ea47e66cdb0483e5,true,true
monicahq/monica,app/Services/Contact/Gift/AssociatePhotoToGift.php,2c33e0b8ddb0e5f4ac108b75a81b0d2ae8858264,true,false
monicahq/monica,tests/Unit/Services/Contact/Gift/AssociateGiftToPhotoTest.php,2c33e0b8ddb0e5f4ac108b75a81b0d2ae8858264,true,false
monicahq/monica,app/Http/Controllers/Settings/GendersController.php,6c5ac48df4eb25ca7da871c2e41d702f25e7630b,true,false
monicahq/monica,tests/Unit/Controllers/Settings/GendersControllerTest.php,6c5ac48df4eb25ca7da871c2e41d702f25e7630b,true,false
monicahq/monica,app/Helpers/CountriesHelper.php,96638df0e67f21c482167cba02d5fad59c3c6149,true,false
monicahq/monica,resources/views/people/create.blade.php,bab87db46611fd1ae1ebbb3f40619356d886f298,true,false
monicahq/monica,app/Helpers/AccountHelper.php,bb971155d40e5f9f2d85af14e0b0915d67d4a1e5,true,false
monicahq/monica,tests/Unit/Helpers/AccountHelperTest.php,bb971155d40e5f9f2d85af14e0b0915d67d4a1e5,true,false
monicahq/monica,resources/views/people/edit.blade.php,dd7970ca51b2c11694ef0493abb024127c100f04,true,false
moodle/moodle,media/player/vimeo/classes/plugin.php,f8cab39a04a0a21da2809a3655850931734baebe,true,false
moodle/moodle,media/player/vimeo/tests/player_test.php,f8cab39a04a0a21da2809a3655850931734baebe,true,false
msaari/relevanssi,lib/shortcodes.php,13abc266b4b3077828f2c3b0c7ac1eee0086703c,false,true
msaari/relevanssi,lib/phrases.php,202e18ba084e140bccb87a4dd36719f9a56a7435,true,false
msaari/relevanssi,lib/compatibility/woocommerce.php,3e39bafdef9f688df4e65e630c6cbe184175015f,true,false
msaari/relevanssi,lib/admin_scripts.js,54d32e48063b06671409ae5c0aecc1c1af9d7e44,true,false
msaari/relevanssi,lib/admin_styles.css,54d32e48063b06671409ae5c0aecc1c1af9d7e44,true,false
msaari/relevanssi,lib/compatibility/wp-members.php,5d0904654d076ee3420f32f1dfd7ec6649e564bb,true,false
msaari/relevanssi,lib/utils.php,9846e6e60aab743af6e59db53079491d54be65b0,false,true
msaari/relevanssi,lib/compatibility/oxygen.php,b9dba211bd105ff816fa4b3c3801b12f5e1f0929,true,false
mybb/mybb,admin/inc/functions.php,0be7a9e6193ae1af86257c53b4b63bbd9da27867,true,false
mybb/mybb,admin/modules/style/templates.php,0d60d98b6199c77c940f227ca4f2455896557a53,true,false
mybb/mybb,private.php,4dc6343bbedb7ee3fac0934f671c1c516dfd4218,true,false
mybb/mybb,admin/inc/class_form.php,6a2f1aaf52bed30053cc58af30ec99c6d3651dd7,true,false
nabab/bbn,src/bbn/Appui/Menu.php,7de229c72c50a998c36e83f70bd4b690548c485f,true,false
nabeelio/phpvms,resources/views/admin/pireps/actions.blade.php,c65b5c1b0561580b80814b423b30544585760ed7,true,false
nextcloud/nextcloud.com,assets/img/people/christian.jpg,48867ccfa6dc417234fffc4240978da07d60b920,false,true
nextcloud/nextcloud.com,assets/img/people/marko-b.jpg,48867ccfa6dc417234fffc4240978da07d60b920,false,true
nextcloud/nextcloud.com,assets/img/people/sandra.jpg,48867ccfa6dc417234fffc4240978da07d60b920,false,true
nextcloud/nextcloud.com,page-translation.php,9332bf67321bd959ab227fd13ec8a52eaa68023e,true,false
nightflyza/Ubilling,config/snmptemplates/ZTE_220,48ab899a58b8324e9d8fccc3b89ee4ff0077d7b7,true,false
nightflyza/Ubilling,config/snmptemplates/ZTE_300,48ab899a58b8324e9d8fccc3b89ee4ff0077d7b7,true,false
nightflyza/Ubilling,config/snmptemplates/ZTE_320,48ab899a58b8324e9d8fccc3b89ee4ff0077d7b7,true,false
nightflyza/Ubilling,api/libs/api.salary.php,5162e1e3edaefdeef95f997f7012df55ce9e4e13,true,false
nightflyza/Ubilling,skins/icon_dollar_16.gif,82e8cdc00ae453cb664ce2c8ae7bc54e2e009a78,true,false
nightflyza/Ubilling,modules/general/switchintegrity/index.php,8897e587824c227ab49dbf1e2d6fe3231ddc7e91,true,false
novaramedia/novaramedia-com,src/js/modules/Support.js,33f58bb9edbe6a482e0ca35171de29e5a511624a,true,false
novaramedia/novaramedia-com,src/styl/responsive/s.styl,a8d1a4ba2ca31dcf9547759527a63601527b5c50,true,false
opencart/opencart,composer.lock,cd7486c9960955bfb246b32b471bb7dddf114ee5,false,true
pfsense/pfsense,src/usr/local/www/services_igmpproxy_edit.php,1c4c9e7f2fe686b8ccea6780cabe43635d27856d,true,false
pfsense/pfsense,src/usr/local/www/vpn_ipsec_settings.php,2c702751601e6ffa8010af8c5ebcd6c19557b5f3,true,false
pfsense/pfsense,src/usr/local/www/widgets/widgets/ipsec.widget.php,5814ad25aab38f8fdbd961eb039871881fe94b0a,false,true
pfsense/pfsense,src/usr/local/www/status_ipsec_spd.php,66b1de4c7b70d092bf03f23ce54700c3a38cbc15,true,false
pfsense/pfsense,src/usr/local/www/services_router_advertisements.php,7cf69c985d73a2a3a418832bf9e6314a05f8efbe,true,false
pfsense/pfsense,src/etc/inc/openvpn.attributes.php,a96a7151f15c0ad54bdac522b1ac3876409766b9,true,false
pfsense/pfsense,src/etc/inc/system.inc,aa1936eefc251b5330e7392f3b1fbc23a006a400,true,true
pfsense/pfsense,src/usr/local/www/diag_ndp.php,aa1936eefc251b5330e7392f3b1fbc23a006a400,true,true
pfsense/pfsense,src/usr/local/www/interfaces.php,b8cfee9dbaec99fc20ed0d816bb3cbe79943b150,true,false
pfsense/pfsense,src/usr/local/www/vpn_openvpn_client.php,d12195f57d0722749ebc4de177f7ea1648680a7e,true,false
pfsense/pfsense,src/etc/inc/dyndns.class,fd331bdcdee813f67ee111c43029d360febb79b1,true,false
pfsense/pfsense,src/usr/local/www/services_dyndns_edit.php,fd331bdcdee813f67ee111c43029d360febb79b1,true,false
phoronix-test-suite/phoronix-test-suite,pts-core/objects/pts_math.php,206cf2fed523ccfa3b3dabbef5b3e90b22c9df8b,true,false
phpstan/phpstan,website/fix-js.php,0197fe5d3071ed574afa8b5ca4d2ea0405e3ab74,true,false
pmmp/PocketMine-MP,src/pocketmine/Server.php,e032b8fe208a053441c9fbd377209740008cddb8,true,false
ppy/osu-web,app/Libraries/ModdingHistoryEventsBundle.php,a1ec7966b4b7cdcc90b59ce99e53238a9a39f059,true,false
presscustomizr/hueman,content-featured.php,477e3f1ae3f9df65b9ee0184a7ab9a90d3756159,true,false
presscustomizr/hueman,page-templates/child-menu.php,87baaeac91d5b3d93ea2fde144fb853a370f304d,true,true
rainlab/translate-plugin,controllers/Messages.php,70bc6beb6b2b5ff9775a29b9555cfda8737f2c29,false,true
retailcrm/woocommerce-module,src/include/class-wc-retailcrm-inventories.php,f2b50e6d72ee67c51806c80ccec9f6a919d801cd,true,false
roundcube/roundcubemail,installer/config.php,4f139a4c6214532bb08a135f47e719c13954c01f,true,false
roundcube/roundcubemail,program/lib/Roundcube/rcube_db.php,a9e096e87f006815a452e9a34ad07287f8e94088,true,false
roundcube/roundcubemail,tests/Framework/DB.php,a9e096e87f006815a452e9a34ad07287f8e94088,true,false
roundcube/roundcubemail,tests/Framework/DBPgsql.php,a9e096e87f006815a452e9a34ad07287f8e94088,true,false
roundcube/roundcubemail,tests/Framework/ResultIndex.php,c2fc0b64c43e513b356e733acb130f4b78394191,true,false
roundcube/roundcubemail,tests/Framework/Utils.php,c445e194846baf790f5e0d578bdbc8ac58e66e99,true,false
ruflin/Elastica,src/Transport/Guzzle.php,4809ae070613ab6244139258757f1b70799c575d,true,false
schmittjoh/serializer,src/SerializerInterface.php,3f9db63bf0408dae45fe777ced82158be156f3d4,true,false
sebastienheyd/boilerplate,.travis.yml,01fd05566fea0402228720bd58f6c4e00c01f592,true,false
sebastienheyd/boilerplate,composer.json,01fd05566fea0402228720bd58f6c4e00c01f592,true,false
sebastienheyd/boilerplate,src/View/Composers/MinifyComposer.php,1a5f62958d6c42d4fb9b7078f209aa67186d8a8d,true,false
seeds-of-diversity/seeds,DocRep/QServerDocRep.php,5905b4de8593f08cd4dd40dbad955ba3db3ad208,true,false
shannah/xataface,Dataface/AuthenticationTool.php,2cd525acba141cd98277395a4784cef1bc02a8d4,true,false
shish/shimmie2,ext/autocomplete/main.php,2d0c94208455f463d8f983f554475f7cbaae7ce6,true,false
shish/shimmie2,core/imageboard/image.php,d9321786709e2d96c57405e202fd0cd24f1fc6a6,true,false
silverstripe/silverstripe-cms,code/Model/SiteTree.php,ecd9759f83f2fc79181e95d201cb86826118c539,true,true
silverstripe/silverstripe-userforms,code/Model/UserDefinedForm.php,9d5b8c1b8e979229c77b1e7751a2a8c69d80662a,true,false
sitkoru/yandex-direct-api,src/services/campaigns/enum/TextCampaignSettingsEnum.php,eb52591567313997fa9437c723c26ba84d61a745,true,false
slawkens/myaac,admin/pages/players.php,678d719036aa92637644cb2860f92d3dae2a5a56,true,false
slevomat/coding-standard,SlevomatCodingStandard/Sniffs/Commenting/InlineDocCommentDeclarationSniff.php,1022655a591e45ef372ee61e482ebcf4b95e7e1d,true,false
slevomat/coding-standard,tests/Sniffs/Commenting/data/noInvalidInlineDocCommentDeclarations.php,1022655a591e45ef372ee61e482ebcf4b95e7e1d,true,false
slevomat/coding-standard,SlevomatCodingStandard/Sniffs/ControlStructures/NewWithParenthesesSniff.php,5aed17da6371ed6055407608351febcb3b1c95d0,true,false
slevomat/coding-standard,tests/Sniffs/ControlStructures/NewWithParenthesesSniffTest.php,5aed17da6371ed6055407608351febcb3b1c95d0,true,false
slevomat/coding-standard,tests/Sniffs/ControlStructures/data/newWithParenthesesErrors.fixed.php,5aed17da6371ed6055407608351febcb3b1c95d0,true,false
slevomat/coding-standard,tests/Sniffs/ControlStructures/data/newWithParenthesesErrors.php,5aed17da6371ed6055407608351febcb3b1c95d0,true,false
slevomat/coding-standard,tests/Sniffs/ControlStructures/data/newWithParenthesesNoErrors.php,5aed17da6371ed6055407608351febcb3b1c95d0,true,false
slimphp/Slim,Slim/Exception/HttpGoneException.php,b7feb1351cd91108c14bc9bd7886e6d285c97da8,true,false
snipe/snipe-it,docker/startup.sh,244616b31e1abcb2488a1a50af0fa1383f526eaa,true,false
sonata-project/SonataDoctrineORMAdminBundle,composer.json,c5063e7ff5adf70a4f5c49cd9e1d228075e7a6e9,true,false
sonata-project/SonataDoctrineORMAdminBundle,src/Filter/ClassFilter.php,c5063e7ff5adf70a4f5c49cd9e1d228075e7a6e9,true,false
sonata-project/SonataUserBundle,composer.json,529b938e4503e6938b240c5002f2bdc152586910,true,false
sonata-project/SonataUserBundle,phpstan.neon.dist,529b938e4503e6938b240c5002f2bdc152586910,true,false
sonata-project/SonataUserBundle,psalm.xml,529b938e4503e6938b240c5002f2bdc152586910,true,false
sonata-project/SonataUserBundle,src/Security/EditableRolesBuilder.php,529b938e4503e6938b240c5002f2bdc152586910,true,false
sonata-project/ecommerce,src/ProductBundle/Model/BaseProductProvider.php,820299b6ee6bf6ea4a17e9781ca37b03800d053f,true,false
sonata-project/exporter,.github/workflows/documentation.yaml,20ca9ddf7574c890fe15ae1596cf79a47ecd709e,true,false
sonata-project/exporter,.github/workflows/lint.yaml,20ca9ddf7574c890fe15ae1596cf79a47ecd709e,true,false
sonata-project/exporter,.github/workflows/qa.yaml,20ca9ddf7574c890fe15ae1596cf79a47ecd709e,true,false
sonata-project/exporter,.github/workflows/stale.yaml,20ca9ddf7574c890fe15ae1596cf79a47ecd709e,true,false
sonata-project/exporter,.github/workflows/test.yaml,20ca9ddf7574c890fe15ae1596cf79a47ecd709e,true,false
sonata-project/exporter,.php-cs-fixer.dist.php,20ca9ddf7574c890fe15ae1596cf79a47ecd709e,true,false
sonata-project/exporter,Makefile,20ca9ddf7574c890fe15ae1596cf79a47ecd709e,true,false
sonata-project/exporter,phpstan.neon.dist,20ca9ddf7574c890fe15ae1596cf79a47ecd709e,true,false
sonata-project/exporter,phpunit.xml.dist,20ca9ddf7574c890fe15ae1596cf79a47ecd709e,true,false
sonata-project/exporter,psalm.xml,20ca9ddf7574c890fe15ae1596cf79a47ecd709e,true,false
sonertari/UTMFW,config/etc/freshclam.conf,fc36e92c2711c761adaa6d768fb4967cadd2923c,true,false
sonertari/UTMFW,config/etc/sslproxy/sslproxy.conf,fc36e92c2711c761adaa6d768fb4967cadd2923c,true,false
sonertari/UTMFW,src/View/pf/pf.conf.html,fc36e92c2711c761adaa6d768fb4967cadd2923c,true,false
spip/SPIP,ecrire/inc/log.php,e5c42250181d0c049422d4c4c8f999025af224f3,true,false
spip/SPIP,ecrire/public/cacher.php,e72d55de83974935e15980df54fb0866eb6e1113,true,false
swissspidy/preferred-languages,inc/functions.php,e0f99d724fa14c2fa2df90bedb494aa5542e42dd,true,false
symfony/DomCrawler,Form.php,9c50d9283ce92fce9d8d1863869c9916324e0040,true,true
symfony/cache,Traits/PdoTrait.php,84a39ad8e9f9e4b807e7087f3924fc2c3030af7c,true,false
symfony/cache,Traits/RedisTrait.php,f1cdbb34e2a0903ad56e1f55493f7775d7e7b280,true,false
symfony/phpunit-bridge,DeprecationErrorHandler/Deprecation.php,9093fa63071ff9ed4775143e1ad3ad6f963d4d91,true,false
symfony/polyfill,src/Intl/Grapheme/Grapheme.php,8760cd8892e3dda66092a02ddb5f423350ce22fe,true,false
symfony/symfony,src/Symfony/Component/VarDumper/Caster/ReflectionCaster.php,57f5df5416f8151ad3414352541d71229d7e0083,true,false
symfony/symfony,src/Symfony/Component/VarDumper/Tests/Caster/ReflectionCasterTest.php,57f5df5416f8151ad3414352541d71229d7e0083,true,false
tbar0970/jethro-pmm,include/system_controller.class.php,2c6be79bfeeee5cbb7130c3a3447d84248f1ec71,true,false
tbar0970/jethro-pmm,db_objects/person.class.php,3e07f47b906c838b93b9d0abd7fa521873efcbc0,true,false
tbar0970/jethro-pmm,upgrades/2021-upgrade-to-2.31.sql,3e07f47b906c838b93b9d0abd7fa521873efcbc0,true,false
thomasez/BisonLabSakonninBundle,Entity/MessageType.php,ec2ecb46132c80fd3c8d452f7b90baba377581ba,true,false
tsugiproject/tsugi-php,src/UI/SettingsDialog.php,52b253fec93d1f4dacf3e164394bf8422f9eac39,true,false
twilio/twilio-php,src/Twilio/Security/RequestValidator.php,4e654691daef9573183887b5c554f864f8a46c27,true,false
twinh/wei,lib/Redis.php,1b296fa724346ff5b47542e8b6297301cac4c0b2,false,true
twinh/wei,tests/unit/RedisTest.php,1b296fa724346ff5b47542e8b6297301cac4c0b2,false,true
twinh/wei,lib/Schema.php,71528e3c8709d4b81b912bb5dded79497d947710,false,true
twinh/wei,tests/unit/SchemaTest.php,71528e3c8709d4b81b912bb5dded79497d947710,false,true
unaio/una,modules/boonex/forum/classes/BxForumModule.php,e0774bfc981d4321ed470337a2eec1b59d33a075,true,false
unaio/una,modules/boonex/developer/classes/BxDevStudioPage.php,e76f700d59b812ff37419b30475c118e652e861a,true,false
unaio/una,modules/boonex/developer/template/menu_main.html,e76f700d59b812ff37419b30475c118e652e861a,true,false
valkyrjaio/valkyrja,src/Valkyrja/HttpKernel/Kernels/Kernel.php,09c002ceeada48519a8ab5a8ae2b117eb23bca48,true,false
valkyrjaio/valkyrja,src/Valkyrja/View/Templates/Template.php,e84cef691325110d9df87cb2a8e1964901841733,true,false
vanoden/Porkchop,modules/register/default/loggedin_mc.php,6568a95de6b71e3135aa77ae6f36fa7da2ce9020,true,false
vanoden/Porkchop,classes/Company/LocationList.php,c5950e19b8ec68bb2c73bdf0be1cf0a2e264f61c,true,false
vimeo/psalm,src/Psalm/Internal/Fork/Pool.php,942b3b619b1879c12e1bc6ebccfe7507d8e092df,true,false
vufind-org/vufind,config/vufind/Demo.ini,2ee2512cfc9c1a2ac2f27051514a32eafe2971ba,true,true
vufind-org/vufind,module/VuFind/src/VuFind/ILS/Driver/Demo.php,2ee2512cfc9c1a2ac2f27051514a32eafe2971ba,true,true
vufind-org/vufind,module/VuFind/tests/integration-tests/src/VuFindTest/Mink/CallnumberBrowseTest.php,2ee2512cfc9c1a2ac2f27051514a32eafe2971ba,true,true
vufind-org/vufind,module/VuFind/tests/fixtures/xcncip2/request/CancelRequestDefaultItemAgencyRequest.xml,92ed8cf5d59a21c526fe888ca5cc254fd11b29e0,true,false
vufind-org/vufind,module/VuFind/tests/fixtures/xcncip2/request/RenewItemDefaultAgencyRequest.xml,92ed8cf5d59a21c526fe888ca5cc254fd11b29e0,true,false
vufind-org/vufind,module/VuFind/tests/fixtures/xcncip2/request/RenewItemWithUserIdRequest.xml,92ed8cf5d59a21c526fe888ca5cc254fd11b29e0,true,false
vufind-org/vufind,module/VuFind/src/VuFind/ILS/Driver/Aleph.php,ac570a8b75edf2078d2bb7f1a665034cfe4c033e,true,false
walkor/Workerman,Lib/Constants.php,2ac7cef18303b0db0fc5cb2c3536f0209621b9fa,true,false
wikimedia/mediawiki-extensions-AbuseFilter,db_patches/mysql/patch-rename-wiki-timestamp-index.sql,f2e2f5ae483c817268b237f95f6114ddf536585b,true,true
wikimedia/mediawiki-extensions-Babel,includes/BabelAutoCreate.php,23c9dbfda5c29f801613e53ae97e3d3d20d2246d,true,true
wikimedia/mediawiki-extensions-CentralAuth,includes/Special/GlobalUsersPager.php,ed53a996b31b8ccd02de92351cfe71624be32eb6,true,false
wikimedia/mediawiki-extensions-CentralNotice,includes/Banner.php,c1aa90432779966fb8f808a9cf754485b37c3d0c,true,false
wikimedia/mediawiki-extensions-CentralNotice,includes/specials/pagers/CentralNoticeCampaignLogPager.php,fa0c36c72c713a59c1e48afa20f2bc6275c6db09,true,false
wikimedia/mediawiki-extensions-CheckUser,src/Hooks.php,2d07ccd7d39df6b4aa7f2857c0db63ba0e65ccbf,true,false
wikimedia/mediawiki-extensions-CheckUser,maintenance/fixTrailingSpacesInLogs.php,66ccfcf4fa751b4245d411fbfea30e723c0d6a66,true,false
wikimedia/mediawiki-extensions-CheckUser,src/LogPager.php,79c2c49a18f96b159258958feca90fce964c350a,true,false
wikimedia/mediawiki-extensions-CirrusSearch,includes/Query/InCategoryFeature.php,dbfabf3ec18285c26d216ff549b1d2553713c1e8,false,true
wikimedia/mediawiki-extensions-CirrusSearch,tests/phpunit/integration/Query/InCategoryFeatureTest.php,dbfabf3ec18285c26d216ff549b1d2553713c1e8,false,true
wikimedia/mediawiki-extensions-Collection,includes/Api/ApiGetBookCreatorBoxContent.php,1f724a4f1e21c8ce08867ea532753bad3dc156f9,true,false
wikimedia/mediawiki-extensions-Collection,includes/Specials/SpecialCollection.php,6914cfef8bbcc8b543ba388ea13229e4c1d5df32,true,true
wikimedia/mediawiki-extensions-Collection,tests/phpunit/includes/api/ApiRenameChapterTest.php,6914cfef8bbcc8b543ba388ea13229e4c1d5df32,true,true
wikimedia/mediawiki-extensions-Collection,includes/CollectionProposals.php,9b1f1c044bff6c9e29fe450296cb4191eb7e5292,true,false
wikimedia/mediawiki-extensions-Echo,modules/mw.echo.js,93ccaa71f1f9f36bb560c743abefc344ea580004,false,true
wikimedia/mediawiki-extensions-Flow,includes/Import/TemplateHelper.php,e0115bd747f1bf2ec1e0505e5bcf015f654be52d,true,false
wikimedia/mediawiki-extensions-JsonConfig,includes/JCCache.php,eb838d755888b2787028a207b16c2eaa931ad97a,true,true
wikimedia/mediawiki-extensions-LiquidThreads,classes/LqtParserFunctions.php,045ee3f05a0f338c9815c3043baf228c53742a6c,true,true
wikimedia/mediawiki-extensions-LiquidThreads,extension.json,045ee3f05a0f338c9815c3043baf228c53742a6c,true,true
wikimedia/mediawiki-extensions-LiquidThreads,pages/LqtDiscussionPager.php,184db181d3bfba33da184aca7dede8f5038604c6,true,true
wikimedia/mediawiki-extensions-MassEditRegex,includes/MassEditRegexSpecialPage.php,0aafd468020000fb4a74b5819441a317ce85d0df,true,false
wikimedia/mediawiki-extensions-PageSchemas,includes/PageSchemas.php,410b5a680309fd32a684b3eb791917f55367bae7,true,true
wikimedia/mediawiki-extensions-Score,extension.json,e5ad1efe9eec76e34638f6768246b84ad32958ba,true,true
wikimedia/mediawiki-extensions-SecurePoll,includes/Hooks/HookRunner.php,425ef774c1b35fd4277cecef0f5de01499f6cc7c,true,false
wikimedia/mediawiki-extensions-SyntaxHighlight_GeSHi,includes/ResourceLoaderPygmentsModule.php,34c936a8d3ebb0471035ec30c1bc4cb5f5ca6157,true,false
wikimedia/mediawiki-extensions-WikimediaEvents,modules/ext.wikimediaEvents/universalLanguageSelector.js,7aec0be883c50018724fb35026676747f39114dd,true,false
wikimedia/mediawiki-extensions-WikimediaEvents,modules/ext.wikimediaEvents/ipAddressCopyAction.js,a753900efb28f5bcc3b17caee9780b1febc52e1f,true,false
wikimedia/mediawiki-extensions-WikimediaEvents,tests/qunit/ext.wikimediaEvents/ipAddressCopyAction.test.js,a753900efb28f5bcc3b17caee9780b1febc52e1f,true,false
wikimedia/mediawiki-extensions-WikimediaMaintenance,getUsersByEmail.php,c3b1cab55390dacee9e73cfaf714d5ed648b557a,true,false
wikimedia/parsoid,tests/phpunit/Parsoid/Wt2Html/PP/Processors/LinterTest.php,22991a1f82c357e539fc537f0ffe73457b52e820,true,false
yiisoft/yii2,framework/console/controllers/MessageController.php,97f9fba7e93e0eb60d6ab75d6b3b5072d5835dd0,true,false
yiisoft/yii2-framework,console/controllers/MessageController.php,ebea5b4299bb6d0ea21a2f0229e41d4c08fe299e,true,false
yodor/sparkbox,lib/components/Container.php,290c98a0dc76a4eb9dc1d3fc598fc6145dda383a,true,false
